ID,Grupo,Estado o país,Receta,Tiempo,Porciones,Dificultad,Ingredientes principales,Foto
"R001","México","Aguascalientes","Pollo estilo San Marcos","45 min","4 porciones","Fácil","tortillas | jitomate | cebolla | ajo | limón | cilantro | chile serrano | queso fresco | frijoles | pollo o cerdo","https://images.pexels.com/photos/1640777/pexels-photo-1640777.jpeg?auto=compress&cs=tinysrgb&w=1200"
"R002","México","Aguascalientes","Enchiladas rojas hidrocálidas","45 min","4 porciones","Fácil","tortillas | jitomate | cebolla | ajo | limón | cilantro | chile serrano | queso fresco | frijoles | pollo o cerdo","https://images.pexels.com/photos/461198/pexels-photo-461198.jpeg?auto=compress&cs=tinysrgb&w=1200"
"R003","México","Baja California","Tacos de pescado estilo Ensenada","45 min","4 porciones","Fácil","tortillas | jitomate | cebolla | ajo | limón | cilantro | chile serrano | queso fresco | frijoles | pollo o cerdo","https://images.pexels.com/photos/1279330/pexels-photo-1279330.jpeg?auto=compress&cs=tinysrgb&w=1200"
"R004","México","Baja California","Tostadas de ceviche fácil","45 min","4 porciones","Fácil","tortillas | jitomate | cebolla | ajo | limón | cilantro | chile serrano | queso fresco | frijoles | pollo o cerdo","https://images.pexels.com/photos/376464/pexels-photo-376464.jpeg?auto=compress&cs=tinysrgb&w=1200"
"R005","México","Baja California Sur","Almejas chocolatas gratinadas","45 min","4 porciones","Fácil","tortillas | jitomate | cebolla | ajo | limón | cilantro | chile serrano | queso fresco | frijoles | pollo o cerdo","https://images.pexels.com/photos/1092730/pexels-photo-1092730.jpeg?auto=compress&cs=tinysrgb&w=1200"
"R006","México","Baja California Sur","Machaca con huevo norteña","45 min","4 porciones","Fácil","tortillas | jitomate | cebolla | ajo | limón | cilantro | chile serrano | queso fresco | frijoles | pollo o cerdo","https://images.pexels.com/photos/70497/pexels-photo-70497.jpeg?auto=compress&cs=tinysrgb&w=1200"
"R007","México","Campeche","Panuchos campechanos","45 min","4 porciones","Fácil","tortillas | jitomate | cebolla | ajo | limón | cilantro | chile serrano | queso fresco | frijoles | pollo o cerdo","https://images.pexels.com/photos/958545/pexels-photo-958545.jpeg?auto=compress&cs=tinysrgb&w=1200"
"R008","México","Campeche","Pescado en escabeche sencillo","45 min","4 porciones","Fácil","tortillas | jitomate | cebolla | ajo | limón | cilantro | chile serrano | queso fresco | frijoles | pollo o cerdo","https://images.pexels.com/photos/1437267/pexels-photo-1437267.jpeg?auto=compress&cs=tinysrgb&w=1200"
"R009","México","Chiapas","Tamales de chipilín fáciles","45 min","4 porciones","Fácil","tortillas | jitomate | cebolla | ajo | limón | cilantro | chile serrano | queso fresco | frijoles | pollo o cerdo","https://images.pexels.com/photos/262978/pexels-photo-262978.jpeg?auto=compress&cs=tinysrgb&w=1200"
"R010","México","Chiapas","Sopa de pan estilo Chiapas","45 min","4 porciones","Fácil","tortillas | jitomate | cebolla | ajo | limón | cilantro | chile serrano | queso fresco | frijoles | pollo o cerdo","https://images.pexels.com/photos/1640774/pexels-photo-1640774.jpeg?auto=compress&cs=tinysrgb&w=1200"
"R011","México","Chihuahua","Burritos de carne deshebrada","45 min","4 porciones","Fácil","tortillas | jitomate | cebolla | ajo | limón | cilantro | chile serrano | queso fresco | frijoles | pollo o cerdo","https://images.pexels.com/photos/2097090/pexels-photo-2097090.jpeg?auto=compress&cs=tinysrgb&w=1200"
"R012","México","Chihuahua","Caldo de queso norteño","45 min","4 porciones","Fácil","tortillas | jitomate | cebolla | ajo | limón | cilantro | chile serrano | queso fresco | frijoles | pollo o cerdo","https://images.pexels.com/photos/4551971/pexels-photo-4551971.jpeg?auto=compress&cs=tinysrgb&w=1200"
"R013","México","CDMX","Tacos al pastor caseros","45 min","4 porciones","Fácil","tortillas | jitomate | cebolla | ajo | limón | cilantro | chile serrano | queso fresco | frijoles | pollo o cerdo","https://images.pexels.com/photos/1640777/pexels-photo-1640777.jpeg?auto=compress&cs=tinysrgb&w=1200"
"R014","México","CDMX","Tortas de chilaquiles","45 min","4 porciones","Fácil","tortillas | jitomate | cebolla | ajo | limón | cilantro | chile serrano | queso fresco | frijoles | pollo o cerdo","https://images.pexels.com/photos/461198/pexels-photo-461198.jpeg?auto=compress&cs=tinysrgb&w=1200"
"R015","México","Coahuila","Discada norteña sencilla","45 min","4 porciones","Fácil","tortillas | jitomate | cebolla | ajo | limón | cilantro | chile serrano | queso fresco | frijoles | pollo o cerdo","https://images.pexels.com/photos/1279330/pexels-photo-1279330.jpeg?auto=compress&cs=tinysrgb&w=1200"
"R016","México","Coahuila","Carne asada con papas","45 min","4 porciones","Fácil","tortillas | jitomate | cebolla | ajo | limón | cilantro | chile serrano | queso fresco | frijoles | pollo o cerdo","https://images.pexels.com/photos/376464/pexels-photo-376464.jpeg?auto=compress&cs=tinysrgb&w=1200"
"R017","México","Colima","Sopitos colimenses","45 min","4 porciones","Fácil","tortillas | jitomate | cebolla | ajo | limón | cilantro | chile serrano | queso fresco | frijoles | pollo o cerdo","https://images.pexels.com/photos/1092730/pexels-photo-1092730.jpeg?auto=compress&cs=tinysrgb&w=1200"
"R018","México","Colima","Tostadas de lomo","45 min","4 porciones","Fácil","tortillas | jitomate | cebolla | ajo | limón | cilantro | chile serrano | queso fresco | frijoles | pollo o cerdo","https://images.pexels.com/photos/70497/pexels-photo-70497.jpeg?auto=compress&cs=tinysrgb&w=1200"
"R019","México","Durango","Caldillo durangueño fácil","45 min","4 porciones","Fácil","tortillas | jitomate | cebolla | ajo | limón | cilantro | chile serrano | queso fresco | frijoles | pollo o cerdo","https://images.pexels.com/photos/958545/pexels-photo-958545.jpeg?auto=compress&cs=tinysrgb&w=1200"
"R020","México","Durango","Gorditas de guisado","45 min","4 porciones","Fácil","tortillas | jitomate | cebolla | ajo | limón | cilantro | chile serrano | queso fresco | frijoles | pollo o cerdo","https://images.pexels.com/photos/1437267/pexels-photo-1437267.jpeg?auto=compress&cs=tinysrgb&w=1200"
"R021","México","Estado de México","Tacos de cecina con nopales","45 min","4 porciones","Fácil","tortillas | jitomate | cebolla | ajo | limón | cilantro | chile serrano | queso fresco | frijoles | pollo o cerdo","https://images.pexels.com/photos/262978/pexels-photo-262978.jpeg?auto=compress&cs=tinysrgb&w=1200"
"R022","México","Estado de México","Obispo estilo casero","45 min","4 porciones","Fácil","tortillas | jitomate | cebolla | ajo | limón | cilantro | chile serrano | queso fresco | frijoles | pollo o cerdo","https://images.pexels.com/photos/1640774/pexels-photo-1640774.jpeg?auto=compress&cs=tinysrgb&w=1200"
"R023","México","Guanajuato","Enchiladas mineras","45 min","4 porciones","Fácil","tortillas | jitomate | cebolla | ajo | limón | cilantro | chile serrano | queso fresco | frijoles | pollo o cerdo","https://images.pexels.com/photos/2097090/pexels-photo-2097090.jpeg?auto=compress&cs=tinysrgb&w=1200"
"R024","México","Guanajuato","Guacamayas leonesas","45 min","4 porciones","Fácil","tortillas | jitomate | cebolla | ajo | limón | cilantro | chile serrano | queso fresco | frijoles | pollo o cerdo","https://images.pexels.com/photos/4551971/pexels-photo-4551971.jpeg?auto=compress&cs=tinysrgb&w=1200"
"R025","México","Guerrero","Pozole verde guerrerense","45 min","4 porciones","Fácil","tortillas | jitomate | cebolla | ajo | limón | cilantro | chile serrano | queso fresco | frijoles | pollo o cerdo","https://images.pexels.com/photos/1640777/pexels-photo-1640777.jpeg?auto=compress&cs=tinysrgb&w=1200"
"R026","México","Guerrero","Pescado a la talla casero","45 min","4 porciones","Fácil","tortillas | jitomate | cebolla | ajo | limón | cilantro | chile serrano | queso fresco | frijoles | pollo o cerdo","https://images.pexels.com/photos/461198/pexels-photo-461198.jpeg?auto=compress&cs=tinysrgb&w=1200"
"R027","México","Hidalgo","Pastes de papa con carne","45 min","4 porciones","Fácil","tortillas | jitomate | cebolla | ajo | limón | cilantro | chile serrano | queso fresco | frijoles | pollo o cerdo","https://images.pexels.com/photos/1279330/pexels-photo-1279330.jpeg?auto=compress&cs=tinysrgb&w=1200"
"R028","México","Hidalgo","Barbacoa casera en olla","45 min","4 porciones","Intermedia","tortillas | jitomate | cebolla | ajo | limón | cilantro | chile serrano | queso fresco | frijoles | pollo o cerdo","https://images.pexels.com/photos/376464/pexels-photo-376464.jpeg?auto=compress&cs=tinysrgb&w=1200"
"R029","México","Jalisco","Birria rápida de res","45 min","4 porciones","Fácil","tortillas | jitomate | cebolla | ajo | limón | cilantro | chile serrano | queso fresco | frijoles | pollo o cerdo","https://images.pexels.com/photos/1092730/pexels-photo-1092730.jpeg?auto=compress&cs=tinysrgb&w=1200"
"R030","México","Jalisco","Tortas ahogadas caseras","45 min","4 porciones","Fácil","tortillas | jitomate | cebolla | ajo | limón | cilantro | chile serrano | queso fresco | frijoles | pollo o cerdo","https://images.pexels.com/photos/70497/pexels-photo-70497.jpeg?auto=compress&cs=tinysrgb&w=1200"
"R031","México","Michoacán","Carnitas en olla","45 min","4 porciones","Fácil","tortillas | jitomate | cebolla | ajo | limón | cilantro | chile serrano | queso fresco | frijoles | pollo o cerdo","https://images.pexels.com/photos/958545/pexels-photo-958545.jpeg?auto=compress&cs=tinysrgb&w=1200"
"R032","México","Michoacán","Corundas con salsa y crema","45 min","4 porciones","Fácil","tortillas | jitomate | cebolla | ajo | limón | cilantro | chile serrano | queso fresco | frijoles | pollo o cerdo","https://images.pexels.com/photos/1437267/pexels-photo-1437267.jpeg?auto=compress&cs=tinysrgb&w=1200"
"R033","México","Morelos","Cecina con crema y queso","45 min","4 porciones","Fácil","tortillas | jitomate | cebolla | ajo | limón | cilantro | chile serrano | queso fresco | frijoles | pollo o cerdo","https://images.pexels.com/photos/262978/pexels-photo-262978.jpeg?auto=compress&cs=tinysrgb&w=1200"
"R034","México","Morelos","Tacos acorazados sencillos","45 min","4 porciones","Fácil","tortillas | jitomate | cebolla | ajo | limón | cilantro | chile serrano | queso fresco | frijoles | pollo o cerdo","https://images.pexels.com/photos/1640774/pexels-photo-1640774.jpeg?auto=compress&cs=tinysrgb&w=1200"
"R035","México","Nayarit","Pescado zarandeado casero","45 min","4 porciones","Fácil","tortillas | jitomate | cebolla | ajo | limón | cilantro | chile serrano | queso fresco | frijoles | pollo o cerdo","https://images.pexels.com/photos/2097090/pexels-photo-2097090.jpeg?auto=compress&cs=tinysrgb&w=1200"
"R036","México","Nayarit","Tostadas de camarón seco","45 min","4 porciones","Fácil","tortillas | jitomate | cebolla | ajo | limón | cilantro | chile serrano | queso fresco | frijoles | pollo o cerdo","https://images.pexels.com/photos/4551971/pexels-photo-4551971.jpeg?auto=compress&cs=tinysrgb&w=1200"
"R037","México","Nuevo León","Carne asada con frijoles","45 min","4 porciones","Fácil","tortillas | jitomate | cebolla | ajo | limón | cilantro | chile serrano | queso fresco | frijoles | pollo o cerdo","https://images.pexels.com/photos/1640777/pexels-photo-1640777.jpeg?auto=compress&cs=tinysrgb&w=1200"
"R038","México","Nuevo León","Machacado con huevo","45 min","4 porciones","Fácil","tortillas | jitomate | cebolla | ajo | limón | cilantro | chile serrano | queso fresco | frijoles | pollo o cerdo","https://images.pexels.com/photos/461198/pexels-photo-461198.jpeg?auto=compress&cs=tinysrgb&w=1200"
"R039","México","Oaxaca","Tlayuda con quesillo","45 min","4 porciones","Fácil","tortillas | jitomate | cebolla | ajo | limón | cilantro | chile serrano | queso fresco | frijoles | pollo o cerdo","https://images.pexels.com/photos/1279330/pexels-photo-1279330.jpeg?auto=compress&cs=tinysrgb&w=1200"
"R040","México","Oaxaca","Mole negro simplificado","45 min","4 porciones","Intermedia","tortillas | jitomate | cebolla | ajo | limón | cilantro | chile serrano | queso fresco | frijoles | pollo o cerdo","https://images.pexels.com/photos/376464/pexels-photo-376464.jpeg?auto=compress&cs=tinysrgb&w=1200"
"R041","México","Puebla","Chile en nogada casero","45 min","4 porciones","Intermedia","tortillas | jitomate | cebolla | ajo | limón | cilantro | chile serrano | queso fresco | frijoles | pollo o cerdo","https://images.pexels.com/photos/1092730/pexels-photo-1092730.jpeg?auto=compress&cs=tinysrgb&w=1200"
"R042","México","Puebla","Mole poblano práctico","45 min","4 porciones","Intermedia","tortillas | jitomate | cebolla | ajo | limón | cilantro | chile serrano | queso fresco | frijoles | pollo o cerdo","https://images.pexels.com/photos/70497/pexels-photo-70497.jpeg?auto=compress&cs=tinysrgb&w=1200"
"R043","México","Querétaro","Enchiladas queretanas","45 min","4 porciones","Fácil","tortillas | jitomate | cebolla | ajo | limón | cilantro | chile serrano | queso fresco | frijoles | pollo o cerdo","https://images.pexels.com/photos/958545/pexels-photo-958545.jpeg?auto=compress&cs=tinysrgb&w=1200"
"R044","México","Querétaro","Gorditas de migaja fáciles","45 min","4 porciones","Fácil","tortillas | jitomate | cebolla | ajo | limón | cilantro | chile serrano | queso fresco | frijoles | pollo o cerdo","https://images.pexels.com/photos/1437267/pexels-photo-1437267.jpeg?auto=compress&cs=tinysrgb&w=1200"
"R045","México","Quintana Roo","Tikin xic casero","45 min","4 porciones","Fácil","tortillas | jitomate | cebolla | ajo | limón | cilantro | chile serrano | queso fresco | frijoles | pollo o cerdo","https://images.pexels.com/photos/262978/pexels-photo-262978.jpeg?auto=compress&cs=tinysrgb&w=1200"
"R046","México","Quintana Roo","Tacos de pescado con col morada","45 min","4 porciones","Fácil","tortillas | jitomate | cebolla | ajo | limón | cilantro | chile serrano | queso fresco | frijoles | pollo o cerdo","https://images.pexels.com/photos/1640774/pexels-photo-1640774.jpeg?auto=compress&cs=tinysrgb&w=1200"
"R047","México","San Luis Potosí","Enchiladas potosinas","45 min","4 porciones","Fácil","tortillas | jitomate | cebolla | ajo | limón | cilantro | chile serrano | queso fresco | frijoles | pollo o cerdo","https://images.pexels.com/photos/2097090/pexels-photo-2097090.jpeg?auto=compress&cs=tinysrgb&w=1200"
"R048","México","San Luis Potosí","Zacahuil versión familiar","45 min","4 porciones","Intermedia","tortillas | jitomate | cebolla | ajo | limón | cilantro | chile serrano | queso fresco | frijoles | pollo o cerdo","https://images.pexels.com/photos/4551971/pexels-photo-4551971.jpeg?auto=compress&cs=tinysrgb&w=1200"
"R049","México","Sinaloa","Aguachile suave","45 min","4 porciones","Fácil","tortillas | jitomate | cebolla | ajo | limón | cilantro | chile serrano | queso fresco | frijoles | pollo o cerdo","https://images.pexels.com/photos/1640777/pexels-photo-1640777.jpeg?auto=compress&cs=tinysrgb&w=1200"
"R050","México","Sinaloa","Chilorio casero","45 min","4 porciones","Fácil","tortillas | jitomate | cebolla | ajo | limón | cilantro | chile serrano | queso fresco | frijoles | pollo o cerdo","https://images.pexels.com/photos/461198/pexels-photo-461198.jpeg?auto=compress&cs=tinysrgb&w=1200"
"R051","México","Sonora","Coyotas de piloncillo","35 min","4 porciones","Fácil","harina | huevo | leche | mantequilla | azúcar | vainilla | canela | fruta de temporada","https://images.pexels.com/photos/1279330/pexels-photo-1279330.jpeg?auto=compress&cs=tinysrgb&w=1200"
"R052","México","Sonora","Carne con chile colorado","45 min","4 porciones","Fácil","tortillas | jitomate | cebolla | ajo | limón | cilantro | chile serrano | queso fresco | frijoles | pollo o cerdo","https://images.pexels.com/photos/376464/pexels-photo-376464.jpeg?auto=compress&cs=tinysrgb&w=1200"
"R053","México","Tabasco","Pejelagarto estilo casero","45 min","4 porciones","Fácil","tortillas | jitomate | cebolla | ajo | limón | cilantro | chile serrano | queso fresco | frijoles | pollo o cerdo","https://images.pexels.com/photos/1092730/pexels-photo-1092730.jpeg?auto=compress&cs=tinysrgb&w=1200"
"R054","México","Tabasco","Plátanos rellenos de queso","45 min","4 porciones","Fácil","tortillas | jitomate | cebolla | ajo | limón | cilantro | chile serrano | queso fresco | frijoles | pollo o cerdo","https://images.pexels.com/photos/70497/pexels-photo-70497.jpeg?auto=compress&cs=tinysrgb&w=1200"
"R055","México","Tamaulipas","Tampiqueña casera","45 min","4 porciones","Fácil","tortillas | jitomate | cebolla | ajo | limón | cilantro | chile serrano | queso fresco | frijoles | pollo o cerdo","https://images.pexels.com/photos/958545/pexels-photo-958545.jpeg?auto=compress&cs=tinysrgb&w=1200"
"R056","México","Tamaulipas","Tacos piratas norteños","45 min","4 porciones","Fácil","tortillas | jitomate | cebolla | ajo | limón | cilantro | chile serrano | queso fresco | frijoles | pollo o cerdo","https://images.pexels.com/photos/1437267/pexels-photo-1437267.jpeg?auto=compress&cs=tinysrgb&w=1200"
"R057","México","Tlaxcala","Tacos de canasta","45 min","4 porciones","Fácil","tortillas | jitomate | cebolla | ajo | limón | cilantro | chile serrano | queso fresco | frijoles | pollo o cerdo","https://images.pexels.com/photos/262978/pexels-photo-262978.jpeg?auto=compress&cs=tinysrgb&w=1200"
"R058","México","Tlaxcala","Sopa tlaxcalteca","45 min","4 porciones","Fácil","tortillas | jitomate | cebolla | ajo | limón | cilantro | chile serrano | queso fresco | frijoles | pollo o cerdo","https://images.pexels.com/photos/1640774/pexels-photo-1640774.jpeg?auto=compress&cs=tinysrgb&w=1200"
"R059","México","Veracruz","Pescado a la veracruzana","45 min","4 porciones","Fácil","tortillas | jitomate | cebolla | ajo | limón | cilantro | chile serrano | queso fresco | frijoles | pollo o cerdo","https://images.pexels.com/photos/2097090/pexels-photo-2097090.jpeg?auto=compress&cs=tinysrgb&w=1200"
"R060","México","Veracruz","Picadas veracruzanas","45 min","4 porciones","Fácil","tortillas | jitomate | cebolla | ajo | limón | cilantro | chile serrano | queso fresco | frijoles | pollo o cerdo","https://images.pexels.com/photos/4551971/pexels-photo-4551971.jpeg?auto=compress&cs=tinysrgb&w=1200"
"R061","México","Yucatán","Cochinita pibil","45 min","4 porciones","Fácil","tortillas | jitomate | cebolla | ajo | limón | cilantro | chile serrano | queso fresco | frijoles | pollo o cerdo","https://images.pexels.com/photos/1640777/pexels-photo-1640777.jpeg?auto=compress&cs=tinysrgb&w=1200"
"R062","México","Yucatán","Sopa de lima sencilla","45 min","4 porciones","Fácil","tortillas | jitomate | cebolla | ajo | limón | cilantro | chile serrano | queso fresco | frijoles | pollo o cerdo","https://images.pexels.com/photos/461198/pexels-photo-461198.jpeg?auto=compress&cs=tinysrgb&w=1200"
"R063","México","Zacatecas","Asado de boda fácil","45 min","4 porciones","Fácil","tortillas | jitomate | cebolla | ajo | limón | cilantro | chile serrano | queso fresco | frijoles | pollo o cerdo","https://images.pexels.com/photos/1279330/pexels-photo-1279330.jpeg?auto=compress&cs=tinysrgb&w=1200"
"R064","México","Zacatecas","Gorditas zacatecanas","45 min","4 porciones","Fácil","tortillas | jitomate | cebolla | ajo | limón | cilantro | chile serrano | queso fresco | frijoles | pollo o cerdo","https://images.pexels.com/photos/376464/pexels-photo-376464.jpeg?auto=compress&cs=tinysrgb&w=1200"
"R065","Internacional","Italia","Risotto de hongos","45 min","4 porciones","Fácil","arroz | pasta | pollo | huevo | cebolla | ajo | verduras | aceite de oliva | caldo | limón","https://images.pexels.com/photos/1092730/pexels-photo-1092730.jpeg?auto=compress&cs=tinysrgb&w=1200"
"R066","Internacional","Italia","Pasta pomodoro cremosa","45 min","4 porciones","Fácil","arroz | pasta | pollo | huevo | cebolla | ajo | verduras | aceite de oliva | caldo | limón","https://images.pexels.com/photos/70497/pexels-photo-70497.jpeg?auto=compress&cs=tinysrgb&w=1200"
"R067","Internacional","Japón","Ramen casero","45 min","4 porciones","Fácil","arroz | pasta | pollo | huevo | cebolla | ajo | verduras | aceite de oliva | caldo | limón","https://images.pexels.com/photos/958545/pexels-photo-958545.jpeg?auto=compress&cs=tinysrgb&w=1200"
"R068","Internacional","Japón","Yakimeshi con verduras","45 min","4 porciones","Fácil","arroz | pasta | pollo | huevo | cebolla | ajo | verduras | aceite de oliva | caldo | limón","https://images.pexels.com/photos/1437267/pexels-photo-1437267.jpeg?auto=compress&cs=tinysrgb&w=1200"
"R069","Internacional","España","Tortilla española","45 min","4 porciones","Fácil","arroz | pasta | pollo | huevo | cebolla | ajo | verduras | aceite de oliva | caldo | limón","https://images.pexels.com/photos/262978/pexels-photo-262978.jpeg?auto=compress&cs=tinysrgb&w=1200"
"R070","Internacional","España","Paella casera de pollo","45 min","4 porciones","Intermedia","arroz | pasta | pollo | huevo | cebolla | ajo | verduras | aceite de oliva | caldo | limón","https://images.pexels.com/photos/1640774/pexels-photo-1640774.jpeg?auto=compress&cs=tinysrgb&w=1200"
"R071","Internacional","Francia","Crepas dulces","35 min","4 porciones","Fácil","harina | huevo | leche | mantequilla | azúcar | vainilla | canela | fruta de temporada","https://images.pexels.com/photos/2097090/pexels-photo-2097090.jpeg?auto=compress&cs=tinysrgb&w=1200"
"R072","Internacional","Francia","Pollo a la mostaza","45 min","4 porciones","Fácil","arroz | pasta | pollo | huevo | cebolla | ajo | verduras | aceite de oliva | caldo | limón","https://images.pexels.com/photos/4551971/pexels-photo-4551971.jpeg?auto=compress&cs=tinysrgb&w=1200"
"R073","Internacional","Estados Unidos","Mac and cheese","45 min","4 porciones","Fácil","arroz | pasta | pollo | huevo | cebolla | ajo | verduras | aceite de oliva | caldo | limón","https://images.pexels.com/photos/1640777/pexels-photo-1640777.jpeg?auto=compress&cs=tinysrgb&w=1200"
"R074","Internacional","Estados Unidos","Hot cakes esponjosos","35 min","4 porciones","Fácil","harina | huevo | leche | mantequilla | azúcar | vainilla | canela | fruta de temporada","https://images.pexels.com/photos/461198/pexels-photo-461198.jpeg?auto=compress&cs=tinysrgb&w=1200"
"R075","Internacional","Perú","Lomo saltado","45 min","4 porciones","Fácil","arroz | pasta | pollo | huevo | cebolla | ajo | verduras | aceite de oliva | caldo | limón","https://images.pexels.com/photos/1279330/pexels-photo-1279330.jpeg?auto=compress&cs=tinysrgb&w=1200"
"R076","Internacional","Perú","Arroz chaufa","45 min","4 porciones","Fácil","arroz | pasta | pollo | huevo | cebolla | ajo | verduras | aceite de oliva | caldo | limón","https://images.pexels.com/photos/376464/pexels-photo-376464.jpeg?auto=compress&cs=tinysrgb&w=1200"
"R077","Internacional","Argentina","Milanesa napolitana","45 min","4 porciones","Fácil","arroz | pasta | pollo | huevo | cebolla | ajo | verduras | aceite de oliva | caldo | limón","https://images.pexels.com/photos/1092730/pexels-photo-1092730.jpeg?auto=compress&cs=tinysrgb&w=1200"
"R078","Internacional","Argentina","Choripán con chimichurri","45 min","4 porciones","Fácil","arroz | pasta | pollo | huevo | cebolla | ajo | verduras | aceite de oliva | caldo | limón","https://images.pexels.com/photos/70497/pexels-photo-70497.jpeg?auto=compress&cs=tinysrgb&w=1200"
"R079","Internacional","Colombia","Arepas rellenas","45 min","4 porciones","Fácil","arroz | pasta | pollo | huevo | cebolla | ajo | verduras | aceite de oliva | caldo | limón","https://images.pexels.com/photos/958545/pexels-photo-958545.jpeg?auto=compress&cs=tinysrgb&w=1200"
"R080","Internacional","Colombia","Arroz con pollo colombiano","45 min","4 porciones","Fácil","arroz | pasta | pollo | huevo | cebolla | ajo | verduras | aceite de oliva | caldo | limón","https://images.pexels.com/photos/1437267/pexels-photo-1437267.jpeg?auto=compress&cs=tinysrgb&w=1200"
"R081","Internacional","Brasil","Feijoada sencilla","45 min","4 porciones","Fácil","arroz | pasta | pollo | huevo | cebolla | ajo | verduras | aceite de oliva | caldo | limón","https://images.pexels.com/photos/262978/pexels-photo-262978.jpeg?auto=compress&cs=tinysrgb&w=1200"
"R082","Internacional","Brasil","Brigadeiros de chocolate","35 min","4 porciones","Fácil","harina | huevo | leche | mantequilla | azúcar | vainilla | canela | fruta de temporada","https://images.pexels.com/photos/1640774/pexels-photo-1640774.jpeg?auto=compress&cs=tinysrgb&w=1200"
"R083","Internacional","India","Pollo al curry suave","45 min","4 porciones","Fácil","arroz | pasta | pollo | huevo | cebolla | ajo | verduras | aceite de oliva | caldo | limón","https://images.pexels.com/photos/2097090/pexels-photo-2097090.jpeg?auto=compress&cs=tinysrgb&w=1200"
"R084","Internacional","India","Arroz especiado","45 min","4 porciones","Fácil","arroz | pasta | pollo | huevo | cebolla | ajo | verduras | aceite de oliva | caldo | limón","https://images.pexels.com/photos/4551971/pexels-photo-4551971.jpeg?auto=compress&cs=tinysrgb&w=1200"
"R085","Internacional","China","Pollo agridulce","45 min","4 porciones","Fácil","arroz | pasta | pollo | huevo | cebolla | ajo | verduras | aceite de oliva | caldo | limón","https://images.pexels.com/photos/1640777/pexels-photo-1640777.jpeg?auto=compress&cs=tinysrgb&w=1200"
"R086","Internacional","China","Fideos salteados","45 min","4 porciones","Fácil","arroz | pasta | pollo | huevo | cebolla | ajo | verduras | aceite de oliva | caldo | limón","https://images.pexels.com/photos/461198/pexels-photo-461198.jpeg?auto=compress&cs=tinysrgb&w=1200"
"R087","Internacional","Corea","Bibimbap sencillo","45 min","4 porciones","Fácil","arroz | pasta | pollo | huevo | cebolla | ajo | verduras | aceite de oliva | caldo | limón","https://images.pexels.com/photos/1279330/pexels-photo-1279330.jpeg?auto=compress&cs=tinysrgb&w=1200"
"R088","Internacional","Corea","Pollo coreano dulce-picante","45 min","4 porciones","Fácil","arroz | pasta | pollo | huevo | cebolla | ajo | verduras | aceite de oliva | caldo | limón","https://images.pexels.com/photos/376464/pexels-photo-376464.jpeg?auto=compress&cs=tinysrgb&w=1200"
"R089","Internacional","Tailandia","Pad thai fácil","45 min","4 porciones","Fácil","arroz | pasta | pollo | huevo | cebolla | ajo | verduras | aceite de oliva | caldo | limón","https://images.pexels.com/photos/1092730/pexels-photo-1092730.jpeg?auto=compress&cs=tinysrgb&w=1200"
"R090","Internacional","Tailandia","Arroz con mango","45 min","4 porciones","Fácil","arroz | pasta | pollo | huevo | cebolla | ajo | verduras | aceite de oliva | caldo | limón","https://images.pexels.com/photos/70497/pexels-photo-70497.jpeg?auto=compress&cs=tinysrgb&w=1200"
"R091","Internacional","Marruecos","Pollo con especias y limón","45 min","4 porciones","Fácil","arroz | pasta | pollo | huevo | cebolla | ajo | verduras | aceite de oliva | caldo | limón","https://images.pexels.com/photos/958545/pexels-photo-958545.jpeg?auto=compress&cs=tinysrgb&w=1200"
"R092","Internacional","Marruecos","Cuscús con verduras","45 min","4 porciones","Fácil","arroz | pasta | pollo | huevo | cebolla | ajo | verduras | aceite de oliva | caldo | limón","https://images.pexels.com/photos/1437267/pexels-photo-1437267.jpeg?auto=compress&cs=tinysrgb&w=1200"
"R093","Internacional","Grecia","Gyros de pollo","45 min","4 porciones","Fácil","arroz | pasta | pollo | huevo | cebolla | ajo | verduras | aceite de oliva | caldo | limón","https://images.pexels.com/photos/262978/pexels-photo-262978.jpeg?auto=compress&cs=tinysrgb&w=1200"
"R094","Internacional","Grecia","Ensalada griega completa","45 min","4 porciones","Fácil","arroz | pasta | pollo | huevo | cebolla | ajo | verduras | aceite de oliva | caldo | limón","https://images.pexels.com/photos/1640774/pexels-photo-1640774.jpeg?auto=compress&cs=tinysrgb&w=1200"
"R095","Internacional","Turquía","Kebab casero","45 min","4 porciones","Fácil","arroz | pasta | pollo | huevo | cebolla | ajo | verduras | aceite de oliva | caldo | limón","https://images.pexels.com/photos/2097090/pexels-photo-2097090.jpeg?auto=compress&cs=tinysrgb&w=1200"
"R096","Internacional","Turquía","Arroz con fideos","45 min","4 porciones","Fácil","arroz | pasta | pollo | huevo | cebolla | ajo | verduras | aceite de oliva | caldo | limón","https://images.pexels.com/photos/4551971/pexels-photo-4551971.jpeg?auto=compress&cs=tinysrgb&w=1200"
"R097","Internacional","Alemania","Schnitzel de pollo","45 min","4 porciones","Fácil","arroz | pasta | pollo | huevo | cebolla | ajo | verduras | aceite de oliva | caldo | limón","https://images.pexels.com/photos/1640777/pexels-photo-1640777.jpeg?auto=compress&cs=tinysrgb&w=1200"
"R098","Internacional","Alemania","Ensalada de papa","45 min","4 porciones","Fácil","arroz | pasta | pollo | huevo | cebolla | ajo | verduras | aceite de oliva | caldo | limón","https://images.pexels.com/photos/461198/pexels-photo-461198.jpeg?auto=compress&cs=tinysrgb&w=1200"
"R099","Internacional","Reino Unido","Fish and chips casero","45 min","4 porciones","Fácil","arroz | pasta | pollo | huevo | cebolla | ajo | verduras | aceite de oliva | caldo | limón","https://images.pexels.com/photos/1279330/pexels-photo-1279330.jpeg?auto=compress&cs=tinysrgb&w=1200"
"R100","Internacional","Reino Unido","Scones rápidos","35 min","4 porciones","Fácil","harina | huevo | leche | mantequilla | azúcar | vainilla | canela | fruta de temporada","https://images.pexels.com/photos/376464/pexels-photo-376464.jpeg?auto=compress&cs=tinysrgb&w=1200"
"R101","Internacional","Canadá","Papas con gravy y queso","45 min","4 porciones","Fácil","arroz | pasta | pollo | huevo | cebolla | ajo | verduras | aceite de oliva | caldo | limón","https://images.pexels.com/photos/1092730/pexels-photo-1092730.jpeg?auto=compress&cs=tinysrgb&w=1200"
"R102","Internacional","Canadá","Hot cakes con frutos rojos","35 min","4 porciones","Fácil","harina | huevo | leche | mantequilla | azúcar | vainilla | canela | fruta de temporada","https://images.pexels.com/photos/70497/pexels-photo-70497.jpeg?auto=compress&cs=tinysrgb&w=1200"
"R103","Internacional","Chile","Pastel de choclo","45 min","4 porciones","Fácil","arroz | pasta | pollo | huevo | cebolla | ajo | verduras | aceite de oliva | caldo | limón","https://images.pexels.com/photos/958545/pexels-photo-958545.jpeg?auto=compress&cs=tinysrgb&w=1200"
"R104","Internacional","Chile","Completo chileno","45 min","4 porciones","Fácil","arroz | pasta | pollo | huevo | cebolla | ajo | verduras | aceite de oliva | caldo | limón","https://images.pexels.com/photos/1437267/pexels-photo-1437267.jpeg?auto=compress&cs=tinysrgb&w=1200"
"R105","Internacional","Cuba","Ropa vieja sencilla","45 min","4 porciones","Fácil","arroz | pasta | pollo | huevo | cebolla | ajo | verduras | aceite de oliva | caldo | limón","https://images.pexels.com/photos/262978/pexels-photo-262978.jpeg?auto=compress&cs=tinysrgb&w=1200"
"R106","Internacional","Cuba","Arroz congrí","45 min","4 porciones","Fácil","arroz | pasta | pollo | huevo | cebolla | ajo | verduras | aceite de oliva | caldo | limón","https://images.pexels.com/photos/1640774/pexels-photo-1640774.jpeg?auto=compress&cs=tinysrgb&w=1200"
"R107","Internacional","Vietnam","Pho casero de pollo","45 min","4 porciones","Fácil","arroz | pasta | pollo | huevo | cebolla | ajo | verduras | aceite de oliva | caldo | limón","https://images.pexels.com/photos/2097090/pexels-photo-2097090.jpeg?auto=compress&cs=tinysrgb&w=1200"
"R108","Internacional","Vietnam","Rollitos frescos","45 min","4 porciones","Fácil","arroz | pasta | pollo | huevo | cebolla | ajo | verduras | aceite de oliva | caldo | limón","https://images.pexels.com/photos/4551971/pexels-photo-4551971.jpeg?auto=compress&cs=tinysrgb&w=1200"
"R109","Internacional","Líbano","Hummus cremoso","45 min","4 porciones","Fácil","arroz | pasta | pollo | huevo | cebolla | ajo | verduras | aceite de oliva | caldo | limón","https://images.pexels.com/photos/1640777/pexels-photo-1640777.jpeg?auto=compress&cs=tinysrgb&w=1200"
"R110","Internacional","Líbano","Shawarma de pollo","45 min","4 porciones","Fácil","arroz | pasta | pollo | huevo | cebolla | ajo | verduras | aceite de oliva | caldo | limón","https://images.pexels.com/photos/461198/pexels-photo-461198.jpeg?auto=compress&cs=tinysrgb&w=1200"
"R111","Internacional","Portugal","Bacalhau fácil","45 min","4 porciones","Fácil","arroz | pasta | pollo | huevo | cebolla | ajo | verduras | aceite de oliva | caldo | limón","https://images.pexels.com/photos/1279330/pexels-photo-1279330.jpeg?auto=compress&cs=tinysrgb&w=1200"
"R112","Internacional","Portugal","Pastelitos de nata versión rápida","35 min","4 porciones","Fácil","harina | huevo | leche | mantequilla | azúcar | vainilla | canela | fruta de temporada","https://images.pexels.com/photos/376464/pexels-photo-376464.jpeg?auto=compress&cs=tinysrgb&w=1200"